Source File	Size	loadResources	load	generateSnapshots	load-configure	scan	loadDepInfo	loadInfo	checkR4R4B	generateNarratives	validate	loadLists	checkConformanceResources	checkConformanceResources2	checkConformanceResources3	generateLogicalMaps	validateExpressions	scanForUsageStats	checkURLsUnique	processProvenanceDetails	generate1	generate2	generateLogicals	makeDependencies	generateExampleZip	generateValidationPack	scanProfilesForR5	scanExamplesForR5
/fsh-generated/resources/ImplementationGuide-smart.who.int.ips-pilgrimage-test.json	10765	-	0	0	0	1	0	0	5	259	0	0	1	0	0	0	0	0	0	0	97	88	0	0	1	4	0	1
fsh-generated/resources/Binary-verify-qr.json	1053	44	0	0	1	0	0	0	0	0	0	0	0	0	0	0	0	0	0	0	10	17	0	0	0	0	0	0
fsh-generated/resources/Bundle-MyIPS.json	33856	21	73	0	0	0	0	0	2	1546	0	0	0	0	0	0	0	1	0	0	93	152	0	0	0	0	0	0
fsh-generated/resources/DocumentReference-FHIRIPSDocumentReference.json	1215	7	0	0	0	0	0	0	0	236	0	0	0	0	0	0	0	0	0	0	21	22	0	0	0	0	0	0
fsh-generated/resources/DocumentReference-FHIRIPSSignedDocumentReference.json	1067	5	0	0	0	0	0	0	1	231	0	0	0	0	0	0	0	0	0	0	15	83	0	0	0	0	0	0
fsh-generated/resources/DocumentReference-IPSPDFDocumentReference.json	1229	5	0	0	0	0	0	0	0	107	0	0	0	0	0	0	0	0	0	0	14	16	0	0	0	0	0	0
fsh-generated/resources/DocumentReference-IPSSignedPDFDocumentReference.json	1069	5	0	0	0	0	0	0	0	7	0	0	0	0	0	0	0	0	0	0	14	16	0	0	0	0	0	0
fsh-generated/resources/List-PilgrimFolder.json	1287	5	0	0	0	0	0	0	0	158	0	6	0	0	0	0	0	0	0	0	12	23	0	0	0	0	0	0
fsh-generated/resources/TestPlan-FunctionalTest.json	5040	7	0	0	0	0	0	0	0	26	0	0	0	0	0	0	0	0	0	0	29	68	0	0	0	0	0	0
